NAME,AGE,ID
Manish,26,1
Satish,25,2
Lionel,31,3
Andres,34,4
Ravi,40,5
Vikram,30,6
Ramesh,55,7
Abhishek,27,8
Valli,62,9
Ira,51,10
Petronia,73,11
Gui,93,12
Shel,86,13
Constance,44,14
Winifred,43,15
Shandie,38,16
Deedee,59,17
Marnia,38,18
Genovera,34,19
Theodora,92,20
Dima,53,21
Emmey,74,22
Cyndie,89,23
Gerrie,65,24
Renae,21,25
Ann-Marie,17,26
Alia,14,27
Clary,90,28
Frieda,25,29
Binny,10,30
Mariele,62,31
Joelly,11,32
Desirae,84,33
Hyacinthe,91,34
Kalina,21,35
Reeba,61,36
Sindee,6,37
Alejandra,6,38
Daryl,91,39
Linzy,70,40
Kathi,22,41
Nerta,40,42
Linet,91,43
Alejandra,65,44
Valeda,62,45
Shell,18,46
Brianna,57,47
Shannah,44,48
Misha,71,49
Emelina,80,50
Merry,16,51
Iseabal,86,52
Michaelina,40,53
Pamella,45,54
Annecorinne,12,55
Adore,77,56
Tilly,42,57
Rani,24,58
Dulce,74,59
Alejandra,86,60
Janenna,48,61
Raquela,44,62
Latisha,87,63
Sheree,68,64
Rhoda,43,65
Perry,50,66
Lindie,50,67
Annice,92,68
Olwen,49,69
Roxane,52,70
Debee,91,71
Xylina,72,72
Catharine,76,73
Jenda,24,74
Fidelia,15,75
Brena,66,76
Goldie,31,77
Alameda,81,78
Jerry,35,79
Marcelline,17,80
Ginnie,10,81
Melisent,35,82
Mireielle,85,83
Arlena,84,84
Camile,9,85
Camile,44,86
Catharine,26,87
Belva,41,88
Dorothy,51,89
Dari,62,90
Roz,47,91
Estell,26,92
Corly,40,93
Marika,78,94
Amelia,19,95
Chere,65,96
Siana,60,97
Daphne,8,98
Arlina,68,99
Karina,73,100
